career,category,description,skills,interests,work_style,roadmap,career_text,match_text
Data Analyst,Data & AI,"Analyzes structured business data to answer practical questions, identify trends, monitor performance, and support decisions using reports and dashboards.",Excel; SQL; Python basics; statistics; data cleaning; Power BI or Tableau; communication,numbers; patterns; business questions; charts; problem solving,structured analytical work; frequent collaboration with business teams; detail-oriented; report and dashboard focused,Excel fundamentals → SQL → statistics basics → Python with pandas → Power BI/Tableau → portfolio data analysis projects,"Career: Data Analyst. Description: Analyzes structured business data to answer practical questions, identify trends, monitor performance, and support decisions using reports and dashboards.. Skills: Excel; SQL; Python basics; statistics; data cleaning; Power BI or Tableau; communication. Interests: numbers; patterns; business questions; charts; problem solving. Work style: structured analytical work; frequent collaboration with business teams; detail-oriented; report and dashboard focused.","A student who may enjoy a career as Data Analyst may be interested in numbers; patterns; business questions; charts; problem solving. They may enjoy using skills such as Excel; SQL; Python basics; statistics; data cleaning; Power BI or Tableau; communication. The work may suit someone who prefers structured analytical work; frequent collaboration with business teams; detail-oriented; report and dashboard focused. The career involves Analyzes structured business data to answer practical questions, identify trends, monitor performance, and support decisions using reports and dashboards.."
Data Scientist,Data & AI,"Uses statistics, programming, experiments, and machine learning to discover patterns in complex data and build models that support predictions or decisions.",Python; statistics; probability; SQL; pandas; machine learning; data visualization; experimentation,mathematics; statistics; coding; research; discovering patterns; predictive problems,analytical and experimental; works with uncertain problems; combines independent research with teamwork,Python → statistics and probability → SQL → pandas and visualization → scikit-learn → machine learning projects,"Career: Data Scientist. Description: Uses statistics, programming, experiments, and machine learning to discover patterns in complex data and build models that support predictions or decisions.. Skills: Python; statistics; probability; SQL; pandas; machine learning; data visualization; experimentation. Interests: mathematics; statistics; coding; research; discovering patterns; predictive problems. Work style: analytical and experimental; works with uncertain problems; combines independent research with teamwork.","A student who may enjoy a career as Data Scientist may be interested in mathematics; statistics; coding; research; discovering patterns; predictive problems. They may enjoy using skills such as Python; statistics; probability; SQL; pandas; machine learning; data visualization; experimentation. The work may suit someone who prefers analytical and experimental; works with uncertain problems; combines independent research with teamwork. The career involves Uses statistics, programming, experiments, and machine learning to discover patterns in complex data and build models that support predictions or decisions.."
Machine Learning Engineer,Data & AI,"Builds, tests, deploys, and maintains machine learning systems so trained models can work reliably inside real software products.",Python; machine learning; scikit-learn; model evaluation; APIs basics; Git; Docker basics; software engineering,AI systems; coding; optimization; automation; solving technical problems,engineering-focused; code-heavy; iterative testing; collaboration with data scientists and software engineers,Python → data structures → ML fundamentals → scikit-learn → model deployment basics → Git/Docker → end-to-end ML project,"Career: Machine Learning Engineer. Description: Builds, tests, deploys, and maintains machine learning systems so trained models can work reliably inside real software products.. Skills: Python; machine learning; scikit-learn; model evaluation; APIs basics; Git; Docker basics; software engineering. Interests: AI systems; coding; optimization; automation; solving technical problems. Work style: engineering-focused; code-heavy; iterative testing; collaboration with data scientists and software engineers.","A student who may enjoy a career as Machine Learning Engineer may be interested in AI systems; coding; optimization; automation; solving technical problems. They may enjoy using skills such as Python; machine learning; scikit-learn; model evaluation; APIs basics; Git; Docker basics; software engineering. The work may suit someone who prefers engineering-focused; code-heavy; iterative testing; collaboration with data scientists and software engineers. The career involves Builds, tests, deploys, and maintains machine learning systems so trained models can work reliably inside real software products.."
AI Engineer,Data & AI,"Develops applications that use modern artificial intelligence models such as language, vision, or recommendation models and integrates them into useful products.",Python; AI concepts; neural networks basics; APIs; prompt design; model evaluation; software development,artificial intelligence; automation; language technology; intelligent applications; experimentation,prototype-driven and technical; combines software building with testing AI behavior; fast-changing field,Python → ML basics → neural network concepts → transformers basics → model APIs/local models → AI application projects,"Career: AI Engineer. Description: Develops applications that use modern artificial intelligence models such as language, vision, or recommendation models and integrates them into useful products.. Skills: Python; AI concepts; neural networks basics; APIs; prompt design; model evaluation; software development. Interests: artificial intelligence; automation; language technology; intelligent applications; experimentation. Work style: prototype-driven and technical; combines software building with testing AI behavior; fast-changing field.","A student who may enjoy a career as AI Engineer may be interested in artificial intelligence; automation; language technology; intelligent applications; experimentation. They may enjoy using skills such as Python; AI concepts; neural networks basics; APIs; prompt design; model evaluation; software development. The work may suit someone who prefers prototype-driven and technical; combines software building with testing AI behavior; fast-changing field. The career involves Develops applications that use modern artificial intelligence models such as language, vision, or recommendation models and integrates them into useful products.."
Business Intelligence Analyst,Data & AI,"Turns organizational data into dashboards, KPI reports, and business insights that help managers understand performance and make better decisions.",SQL; Excel; Power BI; Tableau; data modeling; DAX basics; KPI design; presentation,business performance; dashboards; visual storytelling; numbers; decision support,business-facing analytical work; dashboard focused; regular communication with managers and stakeholders,Excel → SQL → data modeling → Power BI → DAX → KPI/dashboard design → BI portfolio,"Career: Business Intelligence Analyst. Description: Turns organizational data into dashboards, KPI reports, and business insights that help managers understand performance and make better decisions.. Skills: SQL; Excel; Power BI; Tableau; data modeling; DAX basics; KPI design; presentation. Interests: business performance; dashboards; visual storytelling; numbers; decision support. Work style: business-facing analytical work; dashboard focused; regular communication with managers and stakeholders.","A student who may enjoy a career as Business Intelligence Analyst may be interested in business performance; dashboards; visual storytelling; numbers; decision support. They may enjoy using skills such as SQL; Excel; Power BI; Tableau; data modeling; DAX basics; KPI design; presentation. The work may suit someone who prefers business-facing analytical work; dashboard focused; regular communication with managers and stakeholders. The career involves Turns organizational data into dashboards, KPI reports, and business insights that help managers understand performance and make better decisions.."
Software Engineer,Technology,"Designs and builds reliable software applications by writing code, solving technical problems, testing features, and maintaining software systems.",programming; data structures; algorithms; Git; debugging; testing; software design,coding; logic; building applications; technology; problem solving,project-based and technical; long periods of focused coding with team collaboration and code reviews,Choose Python/Java/C++ → programming fundamentals → data structures → Git → software projects → testing and clean code,"Career: Software Engineer. Description: Designs and builds reliable software applications by writing code, solving technical problems, testing features, and maintaining software systems.. Skills: programming; data structures; algorithms; Git; debugging; testing; software design. Interests: coding; logic; building applications; technology; problem solving. Work style: project-based and technical; long periods of focused coding with team collaboration and code reviews.","A student who may enjoy a career as Software Engineer may be interested in coding; logic; building applications; technology; problem solving. They may enjoy using skills such as programming; data structures; algorithms; Git; debugging; testing; software design. The work may suit someone who prefers project-based and technical; long periods of focused coding with team collaboration and code reviews. The career involves Designs and builds reliable software applications by writing code, solving technical problems, testing features, and maintaining software systems.."
Web Developer,Technology,"Builds websites and web applications, working with browser technologies and sometimes server-side code to create complete online experiences.",HTML; CSS; JavaScript; web fundamentals; Git; responsive design; backend basics,websites; coding; interactive applications; visual interfaces; technology,hands-on development; mixes visual and logical work; project-based; frequent testing in browsers,HTML → CSS → JavaScript → Git → responsive web design → backend basics → full web projects,"Career: Web Developer. Description: Builds websites and web applications, working with browser technologies and sometimes server-side code to create complete online experiences.. Skills: HTML; CSS; JavaScript; web fundamentals; Git; responsive design; backend basics. Interests: websites; coding; interactive applications; visual interfaces; technology. Work style: hands-on development; mixes visual and logical work; project-based; frequent testing in browsers.","A student who may enjoy a career as Web Developer may be interested in websites; coding; interactive applications; visual interfaces; technology. They may enjoy using skills such as HTML; CSS; JavaScript; web fundamentals; Git; responsive design; backend basics. The work may suit someone who prefers hands-on development; mixes visual and logical work; project-based; frequent testing in browsers. The career involves Builds websites and web applications, working with browser technologies and sometimes server-side code to create complete online experiences.."
Frontend Developer,Technology,"Creates the visible and interactive parts of websites and web applications, focusing on user interfaces, usability, responsiveness, and browser behavior.",HTML; CSS; JavaScript; TypeScript basics; frontend frameworks; accessibility; Git,user interfaces; coding; design details; interactive websites; visual problem solving,detail-oriented and visual; works closely with designers; frequent browser testing and iteration,HTML/CSS → JavaScript → responsive design → accessibility → TypeScript → React or another framework → frontend portfolio,"Career: Frontend Developer. Description: Creates the visible and interactive parts of websites and web applications, focusing on user interfaces, usability, responsiveness, and browser behavior.. Skills: HTML; CSS; JavaScript; TypeScript basics; frontend frameworks; accessibility; Git. Interests: user interfaces; coding; design details; interactive websites; visual problem solving. Work style: detail-oriented and visual; works closely with designers; frequent browser testing and iteration.","A student who may enjoy a career as Frontend Developer may be interested in user interfaces; coding; design details; interactive websites; visual problem solving. They may enjoy using skills such as HTML; CSS; JavaScript; TypeScript basics; frontend frameworks; accessibility; Git. The work may suit someone who prefers detail-oriented and visual; works closely with designers; frequent browser testing and iteration. The career involves Creates the visible and interactive parts of websites and web applications, focusing on user interfaces, usability, responsiveness, and browser behavior.."
Backend Developer,Technology,"Builds the server-side logic behind applications, including databases, APIs, authentication logic, business rules, and system integrations.",Python/Java/Node basics; SQL; databases; APIs; Git; server concepts; debugging,logic; databases; system behavior; coding; solving technical problems,logic-heavy and less visual; focused coding; works with frontend developers and database systems,Programming fundamentals → SQL → backend framework → REST APIs → databases → testing → deployment basics,"Career: Backend Developer. Description: Builds the server-side logic behind applications, including databases, APIs, authentication logic, business rules, and system integrations.. Skills: Python/Java/Node basics; SQL; databases; APIs; Git; server concepts; debugging. Interests: logic; databases; system behavior; coding; solving technical problems. Work style: logic-heavy and less visual; focused coding; works with frontend developers and database systems.","A student who may enjoy a career as Backend Developer may be interested in logic; databases; system behavior; coding; solving technical problems. They may enjoy using skills such as Python/Java/Node basics; SQL; databases; APIs; Git; server concepts; debugging. The work may suit someone who prefers logic-heavy and less visual; focused coding; works with frontend developers and database systems. The career involves Builds the server-side logic behind applications, including databases, APIs, authentication logic, business rules, and system integrations.."
Mobile App Developer,Technology,"Develops applications for smartphones and tablets, creating mobile interfaces and connecting apps with device features, databases, or online services.",Kotlin/Swift/Dart; mobile UI; APIs; Git; debugging; app architecture basics,mobile technology; apps; coding; user interfaces; product building,product-oriented coding; combines interface and logic work; frequent device testing,Programming basics → choose Android/iOS/Flutter → mobile UI → APIs → local storage → build and publish sample apps,"Career: Mobile App Developer. Description: Develops applications for smartphones and tablets, creating mobile interfaces and connecting apps with device features, databases, or online services.. Skills: Kotlin/Swift/Dart; mobile UI; APIs; Git; debugging; app architecture basics. Interests: mobile technology; apps; coding; user interfaces; product building. Work style: product-oriented coding; combines interface and logic work; frequent device testing.","A student who may enjoy a career as Mobile App Developer may be interested in mobile technology; apps; coding; user interfaces; product building. They may enjoy using skills such as Kotlin/Swift/Dart; mobile UI; APIs; Git; debugging; app architecture basics. The work may suit someone who prefers product-oriented coding; combines interface and logic work; frequent device testing. The career involves Develops applications for smartphones and tablets, creating mobile interfaces and connecting apps with device features, databases, or online services.."
Cybersecurity Analyst,Technology,"Protects computers, networks, and information by monitoring security events, investigating threats, identifying weaknesses, and improving defenses.",networking; Linux; security fundamentals; log analysis; incident response; risk assessment; scripting basics,security; investigation; puzzles; networks; protecting systems; identifying threats,alert and investigation focused; detail-oriented; may involve urgent incidents and continuous learning,Networking → Linux → cybersecurity fundamentals → security tools → log analysis → incident response → security labs,"Career: Cybersecurity Analyst. Description: Protects computers, networks, and information by monitoring security events, investigating threats, identifying weaknesses, and improving defenses.. Skills: networking; Linux; security fundamentals; log analysis; incident response; risk assessment; scripting basics. Interests: security; investigation; puzzles; networks; protecting systems; identifying threats. Work style: alert and investigation focused; detail-oriented; may involve urgent incidents and continuous learning.","A student who may enjoy a career as Cybersecurity Analyst may be interested in security; investigation; puzzles; networks; protecting systems; identifying threats. They may enjoy using skills such as networking; Linux; security fundamentals; log analysis; incident response; risk assessment; scripting basics. The work may suit someone who prefers alert and investigation focused; detail-oriented; may involve urgent incidents and continuous learning. The career involves Protects computers, networks, and information by monitoring security events, investigating threats, identifying weaknesses, and improving defenses.."
Cloud Engineer,Technology,"Designs and manages computing infrastructure on cloud platforms so applications can run securely, reliably, and at the required scale.",Linux; networking; AWS/Azure/GCP; scripting; cloud services; security basics; infrastructure concepts,cloud technology; infrastructure; networking; automation; scalable systems,technical and infrastructure-focused; troubleshooting; configuration; teamwork with developers and operations,Linux → networking → cloud fundamentals → choose AWS/Azure/GCP → IAM/storage/compute → scripting → cloud projects,"Career: Cloud Engineer. Description: Designs and manages computing infrastructure on cloud platforms so applications can run securely, reliably, and at the required scale.. Skills: Linux; networking; AWS/Azure/GCP; scripting; cloud services; security basics; infrastructure concepts. Interests: cloud technology; infrastructure; networking; automation; scalable systems. Work style: technical and infrastructure-focused; troubleshooting; configuration; teamwork with developers and operations.","A student who may enjoy a career as Cloud Engineer may be interested in cloud technology; infrastructure; networking; automation; scalable systems. They may enjoy using skills such as Linux; networking; AWS/Azure/GCP; scripting; cloud services; security basics; infrastructure concepts. The work may suit someone who prefers technical and infrastructure-focused; troubleshooting; configuration; teamwork with developers and operations. The career involves Designs and manages computing infrastructure on cloud platforms so applications can run securely, reliably, and at the required scale.."
DevOps Engineer,Technology,"Improves the process of building, testing, deploying, and operating software by using automation, cloud tools, containers, and continuous integration.",Linux; Git; scripting; Docker; CI/CD; cloud basics; monitoring; networking,automation; software delivery; infrastructure; troubleshooting; efficient workflows,automation-heavy and collaborative; combines development and operations; frequent troubleshooting,Linux/Git → scripting → Docker → CI/CD → cloud basics → monitoring → automated deployment project,"Career: DevOps Engineer. Description: Improves the process of building, testing, deploying, and operating software by using automation, cloud tools, containers, and continuous integration.. Skills: Linux; Git; scripting; Docker; CI/CD; cloud basics; monitoring; networking. Interests: automation; software delivery; infrastructure; troubleshooting; efficient workflows. Work style: automation-heavy and collaborative; combines development and operations; frequent troubleshooting.","A student who may enjoy a career as DevOps Engineer may be interested in automation; software delivery; infrastructure; troubleshooting; efficient workflows. They may enjoy using skills such as Linux; Git; scripting; Docker; CI/CD; cloud basics; monitoring; networking. The work may suit someone who prefers automation-heavy and collaborative; combines development and operations; frequent troubleshooting. The career involves Improves the process of building, testing, deploying, and operating software by using automation, cloud tools, containers, and continuous integration.."
Database Administrator,Technology,"Manages databases to keep organizational data available, secure, backed up, accurate, and performing efficiently.",SQL; database systems; backup and recovery; security; performance tuning; Linux basics,databases; organized information; reliability; troubleshooting; system administration,structured and responsibility-focused; monitoring and maintenance; careful change management,SQL → relational databases → administration → backup/recovery → security → performance tuning → database project,"Career: Database Administrator. Description: Manages databases to keep organizational data available, secure, backed up, accurate, and performing efficiently.. Skills: SQL; database systems; backup and recovery; security; performance tuning; Linux basics. Interests: databases; organized information; reliability; troubleshooting; system administration. Work style: structured and responsibility-focused; monitoring and maintenance; careful change management.","A student who may enjoy a career as Database Administrator may be interested in databases; organized information; reliability; troubleshooting; system administration. They may enjoy using skills such as SQL; database systems; backup and recovery; security; performance tuning; Linux basics. The work may suit someone who prefers structured and responsibility-focused; monitoring and maintenance; careful change management. The career involves Manages databases to keep organizational data available, secure, backed up, accurate, and performing efficiently.."
QA Engineer,Technology,"Checks software quality by designing tests, finding defects, documenting problems, and sometimes automating tests before software is released.",software testing; test cases; bug reporting; automation basics; Python/Java basics; attention to detail,finding mistakes; software quality; logical testing; user scenarios; problem solving,systematic and detail-oriented; repetitive testing mixed with investigation; close work with developers,Testing fundamentals → test-case design → bug tracking → programming basics → automation tools → API testing,"Career: QA Engineer. Description: Checks software quality by designing tests, finding defects, documenting problems, and sometimes automating tests before software is released.. Skills: software testing; test cases; bug reporting; automation basics; Python/Java basics; attention to detail. Interests: finding mistakes; software quality; logical testing; user scenarios; problem solving. Work style: systematic and detail-oriented; repetitive testing mixed with investigation; close work with developers.","A student who may enjoy a career as QA Engineer may be interested in finding mistakes; software quality; logical testing; user scenarios; problem solving. They may enjoy using skills such as software testing; test cases; bug reporting; automation basics; Python/Java basics; attention to detail. The work may suit someone who prefers systematic and detail-oriented; repetitive testing mixed with investigation; close work with developers. The career involves Checks software quality by designing tests, finding defects, documenting problems, and sometimes automating tests before software is released.."
Game Developer,Technology,"Creates video games by programming gameplay systems, player interactions, physics, graphics behavior, and other game features.",C# or C++; game engines; programming; mathematics; debugging; game design basics,games; coding; creativity; interactive worlds; graphics; problem solving,creative and technical; iterative development; teamwork with artists and designers; project deadline driven,Programming → C#/C++ → Unity/Unreal basics → game mathematics → small games → portfolio,"Career: Game Developer. Description: Creates video games by programming gameplay systems, player interactions, physics, graphics behavior, and other game features.. Skills: C# or C++; game engines; programming; mathematics; debugging; game design basics. Interests: games; coding; creativity; interactive worlds; graphics; problem solving. Work style: creative and technical; iterative development; teamwork with artists and designers; project deadline driven.","A student who may enjoy a career as Game Developer may be interested in games; coding; creativity; interactive worlds; graphics; problem solving. They may enjoy using skills such as C# or C++; game engines; programming; mathematics; debugging; game design basics. The work may suit someone who prefers creative and technical; iterative development; teamwork with artists and designers; project deadline driven. The career involves Creates video games by programming gameplay systems, player interactions, physics, graphics behavior, and other game features.."
Business Analyst,Business,"Studies business processes and problems, gathers requirements from stakeholders, and helps organizations design practical improvements or technology solutions.",requirements gathering; communication; process mapping; Excel; analysis; documentation; presentation,business problems; communication; improving processes; technology; decision making,meeting and analysis heavy; bridges technical and nontechnical teams; documentation focused,Business analysis basics → Excel → process mapping → requirements → SQL basics → case studies and BA documentation,"Career: Business Analyst. Description: Studies business processes and problems, gathers requirements from stakeholders, and helps organizations design practical improvements or technology solutions.. Skills: requirements gathering; communication; process mapping; Excel; analysis; documentation; presentation. Interests: business problems; communication; improving processes; technology; decision making. Work style: meeting and analysis heavy; bridges technical and nontechnical teams; documentation focused.","A student who may enjoy a career as Business Analyst may be interested in business problems; communication; improving processes; technology; decision making. They may enjoy using skills such as requirements gathering; communication; process mapping; Excel; analysis; documentation; presentation. The work may suit someone who prefers meeting and analysis heavy; bridges technical and nontechnical teams; documentation focused. The career involves Studies business processes and problems, gathers requirements from stakeholders, and helps organizations design practical improvements or technology solutions.."
Product Manager,Business,"Guides the direction of a product by understanding users, defining priorities, coordinating teams, and deciding which problems and features should be addressed.",communication; product strategy; user research; prioritization; analytics basics; roadmap planning,products; users; strategy; leadership; technology; solving customer problems,"high collaboration; many meetings and decisions; balances business, user, and technical needs",Product fundamentals → user research → market analysis → prioritization → analytics basics → product case studies,"Career: Product Manager. Description: Guides the direction of a product by understanding users, defining priorities, coordinating teams, and deciding which problems and features should be addressed.. Skills: communication; product strategy; user research; prioritization; analytics basics; roadmap planning. Interests: products; users; strategy; leadership; technology; solving customer problems. Work style: high collaboration; many meetings and decisions; balances business, user, and technical needs.","A student who may enjoy a career as Product Manager may be interested in products; users; strategy; leadership; technology; solving customer problems. They may enjoy using skills such as communication; product strategy; user research; prioritization; analytics basics; roadmap planning. The work may suit someone who prefers high collaboration; many meetings and decisions; balances business, user, and technical needs. The career involves Guides the direction of a product by understanding users, defining priorities, coordinating teams, and deciding which problems and features should be addressed.."
Project Manager,Business,"Plans and coordinates projects by organizing tasks, schedules, budgets, people, risks, and communication so work is completed successfully.",planning; communication; scheduling; risk management; budgeting basics; leadership; documentation,organization; teamwork; leadership; deadlines; coordinating people,coordination-heavy; frequent communication; structured planning; deadline and responsibility focused,Project fundamentals → planning tools → scheduling → risk management → budgeting basics → lead small projects,"Career: Project Manager. Description: Plans and coordinates projects by organizing tasks, schedules, budgets, people, risks, and communication so work is completed successfully.. Skills: planning; communication; scheduling; risk management; budgeting basics; leadership; documentation. Interests: organization; teamwork; leadership; deadlines; coordinating people. Work style: coordination-heavy; frequent communication; structured planning; deadline and responsibility focused.","A student who may enjoy a career as Project Manager may be interested in organization; teamwork; leadership; deadlines; coordinating people. They may enjoy using skills such as planning; communication; scheduling; risk management; budgeting basics; leadership; documentation. The work may suit someone who prefers coordination-heavy; frequent communication; structured planning; deadline and responsibility focused. The career involves Plans and coordinates projects by organizing tasks, schedules, budgets, people, risks, and communication so work is completed successfully.."
Management Consultant,Business,"Analyzes organizational challenges and develops recommendations to improve strategy, operations, costs, growth, or business performance.",problem solving; research; Excel; presentation; business analysis; communication; structured thinking,business strategy; solving complex problems; research; presentations; different industries,fast-paced and client-facing; analytical; presentation-heavy; may involve travel and tight deadlines,Business fundamentals → Excel → structured problem solving → research → presentation skills → consulting case practice,"Career: Management Consultant. Description: Analyzes organizational challenges and develops recommendations to improve strategy, operations, costs, growth, or business performance.. Skills: problem solving; research; Excel; presentation; business analysis; communication; structured thinking. Interests: business strategy; solving complex problems; research; presentations; different industries. Work style: fast-paced and client-facing; analytical; presentation-heavy; may involve travel and tight deadlines.","A student who may enjoy a career as Management Consultant may be interested in business strategy; solving complex problems; research; presentations; different industries. They may enjoy using skills such as problem solving; research; Excel; presentation; business analysis; communication; structured thinking. The work may suit someone who prefers fast-paced and client-facing; analytical; presentation-heavy; may involve travel and tight deadlines. The career involves Analyzes organizational challenges and develops recommendations to improve strategy, operations, costs, growth, or business performance.."
Entrepreneur,Business,"Creates and develops a business by identifying customer problems, designing a solution, finding a market, managing resources, and taking financial risk.",communication; sales; finance basics; marketing; leadership; problem solving; adaptability,business ideas; independence; leadership; innovation; customers; building something new,high independence and uncertainty; broad responsibilities; fast decisions; strong customer interaction,Problem discovery → business model → market research → basic finance → sales/marketing → prototype → small business validation,"Career: Entrepreneur. Description: Creates and develops a business by identifying customer problems, designing a solution, finding a market, managing resources, and taking financial risk.. Skills: communication; sales; finance basics; marketing; leadership; problem solving; adaptability. Interests: business ideas; independence; leadership; innovation; customers; building something new. Work style: high independence and uncertainty; broad responsibilities; fast decisions; strong customer interaction.","A student who may enjoy a career as Entrepreneur may be interested in business ideas; independence; leadership; innovation; customers; building something new. They may enjoy using skills such as communication; sales; finance basics; marketing; leadership; problem solving; adaptability. The work may suit someone who prefers high independence and uncertainty; broad responsibilities; fast decisions; strong customer interaction. The career involves Creates and develops a business by identifying customer problems, designing a solution, finding a market, managing resources, and taking financial risk.."
Human Resources Specialist,Business,"Supports organizations by recruiting employees, coordinating HR processes, assisting employee development, and helping maintain effective workplace practices.",communication; recruitment; organization; HR policies; interviewing; documentation; people skills,people; workplace culture; communication; recruitment; employee development,people-centered and process-oriented; frequent conversations; confidential documentation and coordination,HR fundamentals → recruitment → employment processes → interviewing → HR analytics basics → practical HR projects,"Career: Human Resources Specialist. Description: Supports organizations by recruiting employees, coordinating HR processes, assisting employee development, and helping maintain effective workplace practices.. Skills: communication; recruitment; organization; HR policies; interviewing; documentation; people skills. Interests: people; workplace culture; communication; recruitment; employee development. Work style: people-centered and process-oriented; frequent conversations; confidential documentation and coordination.","A student who may enjoy a career as Human Resources Specialist may be interested in people; workplace culture; communication; recruitment; employee development. They may enjoy using skills such as communication; recruitment; organization; HR policies; interviewing; documentation; people skills. The work may suit someone who prefers people-centered and process-oriented; frequent conversations; confidential documentation and coordination. The career involves Supports organizations by recruiting employees, coordinating HR processes, assisting employee development, and helping maintain effective workplace practices.."
Financial Analyst,Finance,"Examines financial statements, budgets, investments, and business performance to help organizations make financial and investment decisions.",Excel; accounting basics; financial statements; financial modeling; statistics; presentation,finance; numbers; business performance; investments; forecasting,quantitative and detail-focused; spreadsheet-heavy; periodic reporting and presentations,Accounting basics → Excel → financial statements → ratios → financial modeling → valuation basics → analysis projects,"Career: Financial Analyst. Description: Examines financial statements, budgets, investments, and business performance to help organizations make financial and investment decisions.. Skills: Excel; accounting basics; financial statements; financial modeling; statistics; presentation. Interests: finance; numbers; business performance; investments; forecasting. Work style: quantitative and detail-focused; spreadsheet-heavy; periodic reporting and presentations.","A student who may enjoy a career as Financial Analyst may be interested in finance; numbers; business performance; investments; forecasting. They may enjoy using skills such as Excel; accounting basics; financial statements; financial modeling; statistics; presentation. The work may suit someone who prefers quantitative and detail-focused; spreadsheet-heavy; periodic reporting and presentations. The career involves Examines financial statements, budgets, investments, and business performance to help organizations make financial and investment decisions.."
Accountant,Finance,"Records, organizes, checks, and reports financial transactions so businesses can understand their finances and meet accounting requirements.",bookkeeping; accounting principles; Excel; financial reporting; attention to detail; taxation basics,numbers; organized records; finance; accuracy; business operations,structured and rule-based; detail-intensive; regular reporting cycles and deadlines,Accounting principles → bookkeeping → Excel → financial statements → accounting software → taxation/audit basics,"Career: Accountant. Description: Records, organizes, checks, and reports financial transactions so businesses can understand their finances and meet accounting requirements.. Skills: bookkeeping; accounting principles; Excel; financial reporting; attention to detail; taxation basics. Interests: numbers; organized records; finance; accuracy; business operations. Work style: structured and rule-based; detail-intensive; regular reporting cycles and deadlines.","A student who may enjoy a career as Accountant may be interested in numbers; organized records; finance; accuracy; business operations. They may enjoy using skills such as bookkeeping; accounting principles; Excel; financial reporting; attention to detail; taxation basics. The work may suit someone who prefers structured and rule-based; detail-intensive; regular reporting cycles and deadlines. The career involves Records, organizes, checks, and reports financial transactions so businesses can understand their finances and meet accounting requirements.."
Investment Analyst,Finance,"Researches companies, industries, and financial markets to evaluate investment opportunities and support decisions about stocks, bonds, or other assets.",financial analysis; valuation; Excel; accounting; economics; research; presentation,investing; companies; markets; finance; research; economic trends,research and numbers focused; follows markets closely; combines independent analysis with written recommendations,Accounting → financial statements → economics → valuation → Excel modeling → company research reports,"Career: Investment Analyst. Description: Researches companies, industries, and financial markets to evaluate investment opportunities and support decisions about stocks, bonds, or other assets.. Skills: financial analysis; valuation; Excel; accounting; economics; research; presentation. Interests: investing; companies; markets; finance; research; economic trends. Work style: research and numbers focused; follows markets closely; combines independent analysis with written recommendations.","A student who may enjoy a career as Investment Analyst may be interested in investing; companies; markets; finance; research; economic trends. They may enjoy using skills such as financial analysis; valuation; Excel; accounting; economics; research; presentation. The work may suit someone who prefers research and numbers focused; follows markets closely; combines independent analysis with written recommendations. The career involves Researches companies, industries, and financial markets to evaluate investment opportunities and support decisions about stocks, bonds, or other assets.."
Economist,Finance,"Studies how people, businesses, and governments use resources, using data and economic theory to understand trends, policies, markets, and behavior.",economics; statistics; data analysis; research; mathematics; writing,markets; public policy; economic trends; research; mathematics; society,research-oriented and analytical; combines data with theory; significant reading and writing,Microeconomics → macroeconomics → statistics → econometrics basics → Python/R → economic research projects,"Career: Economist. Description: Studies how people, businesses, and governments use resources, using data and economic theory to understand trends, policies, markets, and behavior.. Skills: economics; statistics; data analysis; research; mathematics; writing. Interests: markets; public policy; economic trends; research; mathematics; society. Work style: research-oriented and analytical; combines data with theory; significant reading and writing.","A student who may enjoy a career as Economist may be interested in markets; public policy; economic trends; research; mathematics; society. They may enjoy using skills such as economics; statistics; data analysis; research; mathematics; writing. The work may suit someone who prefers research-oriented and analytical; combines data with theory; significant reading and writing. The career involves Studies how people, businesses, and governments use resources, using data and economic theory to understand trends, policies, markets, and behavior.."
UI/UX Designer,Design,"Researches user needs and designs easy-to-use digital experiences, including user flows, wireframes, prototypes, and interfaces for websites or applications.",Figma; wireframing; prototyping; user research; usability; visual design basics; communication,users; creativity; psychology; apps; problem solving; visual interfaces,creative and user-centered; iterative; frequent feedback and collaboration with product and development teams,Design principles → Figma → user research → wireframes → prototypes → usability testing → UX portfolio,"Career: UI/UX Designer. Description: Researches user needs and designs easy-to-use digital experiences, including user flows, wireframes, prototypes, and interfaces for websites or applications.. Skills: Figma; wireframing; prototyping; user research; usability; visual design basics; communication. Interests: users; creativity; psychology; apps; problem solving; visual interfaces. Work style: creative and user-centered; iterative; frequent feedback and collaboration with product and development teams.","A student who may enjoy a career as UI/UX Designer may be interested in users; creativity; psychology; apps; problem solving; visual interfaces. They may enjoy using skills such as Figma; wireframing; prototyping; user research; usability; visual design basics; communication. The work may suit someone who prefers creative and user-centered; iterative; frequent feedback and collaboration with product and development teams. The career involves Researches user needs and designs easy-to-use digital experiences, including user flows, wireframes, prototypes, and interfaces for websites or applications.."
Graphic Designer,Design,"Creates visual communication such as branding, posters, social graphics, layouts, and marketing materials using typography, color, imagery, and composition.",Adobe tools or alternatives; typography; color theory; layout; branding; illustration basics,art; visual communication; branding; creativity; images; typography,visual and creative; project-based; frequent revisions based on client or team feedback,Design principles → typography/color → Photoshop/Illustrator or alternatives → branding → portfolio projects,"Career: Graphic Designer. Description: Creates visual communication such as branding, posters, social graphics, layouts, and marketing materials using typography, color, imagery, and composition.. Skills: Adobe tools or alternatives; typography; color theory; layout; branding; illustration basics. Interests: art; visual communication; branding; creativity; images; typography. Work style: visual and creative; project-based; frequent revisions based on client or team feedback.","A student who may enjoy a career as Graphic Designer may be interested in art; visual communication; branding; creativity; images; typography. They may enjoy using skills such as Adobe tools or alternatives; typography; color theory; layout; branding; illustration basics. The work may suit someone who prefers visual and creative; project-based; frequent revisions based on client or team feedback. The career involves Creates visual communication such as branding, posters, social graphics, layouts, and marketing materials using typography, color, imagery, and composition.."
Product Designer,Design,"Designs complete digital product experiences by combining user research, interaction design, interface design, prototyping, and product thinking.",Figma; UX research; UI design; prototyping; design systems; product thinking,digital products; users; design systems; creativity; problem solving,"highly collaborative and iterative; balances user needs, product goals, and technical constraints",UX fundamentals → Figma → research → interaction/UI design → design systems → product case-study portfolio,"Career: Product Designer. Description: Designs complete digital product experiences by combining user research, interaction design, interface design, prototyping, and product thinking.. Skills: Figma; UX research; UI design; prototyping; design systems; product thinking. Interests: digital products; users; design systems; creativity; problem solving. Work style: highly collaborative and iterative; balances user needs, product goals, and technical constraints.","A student who may enjoy a career as Product Designer may be interested in digital products; users; design systems; creativity; problem solving. They may enjoy using skills such as Figma; UX research; UI design; prototyping; design systems; product thinking. The work may suit someone who prefers highly collaborative and iterative; balances user needs, product goals, and technical constraints. The career involves Designs complete digital product experiences by combining user research, interaction design, interface design, prototyping, and product thinking.."
Architect,Design,"Plans and designs buildings and spaces by combining creativity, technical drawing, safety requirements, materials, and the needs of people who will use the space.",architectural drawing; CAD; 3D modeling; design; building knowledge; presentation; mathematics,buildings; spaces; drawing; creativity; engineering; human environments,"creative and technical; project-based; client collaboration; significant drawing, revision, and documentation",Design/drawing fundamentals → CAD → 3D modeling → building systems → codes basics → architectural portfolio,"Career: Architect. Description: Plans and designs buildings and spaces by combining creativity, technical drawing, safety requirements, materials, and the needs of people who will use the space.. Skills: architectural drawing; CAD; 3D modeling; design; building knowledge; presentation; mathematics. Interests: buildings; spaces; drawing; creativity; engineering; human environments. Work style: creative and technical; project-based; client collaboration; significant drawing, revision, and documentation.","A student who may enjoy a career as Architect may be interested in buildings; spaces; drawing; creativity; engineering; human environments. They may enjoy using skills such as architectural drawing; CAD; 3D modeling; design; building knowledge; presentation; mathematics. The work may suit someone who prefers creative and technical; project-based; client collaboration; significant drawing, revision, and documentation. The career involves Plans and designs buildings and spaces by combining creativity, technical drawing, safety requirements, materials, and the needs of people who will use the space.."
Digital Marketer,Marketing,"Plans and runs online marketing campaigns across websites, search, email, advertising, and social platforms to attract audiences and achieve business goals.",digital marketing; analytics; content; advertising; SEO basics; campaign planning; communication,brands; online audiences; creativity; business growth; campaigns; analytics,fast-moving and campaign-based; combines creative ideas with performance data,Marketing fundamentals → content → social media → SEO → paid ads → analytics → campaign portfolio,"Career: Digital Marketer. Description: Plans and runs online marketing campaigns across websites, search, email, advertising, and social platforms to attract audiences and achieve business goals.. Skills: digital marketing; analytics; content; advertising; SEO basics; campaign planning; communication. Interests: brands; online audiences; creativity; business growth; campaigns; analytics. Work style: fast-moving and campaign-based; combines creative ideas with performance data.","A student who may enjoy a career as Digital Marketer may be interested in brands; online audiences; creativity; business growth; campaigns; analytics. They may enjoy using skills such as digital marketing; analytics; content; advertising; SEO basics; campaign planning; communication. The work may suit someone who prefers fast-moving and campaign-based; combines creative ideas with performance data. The career involves Plans and runs online marketing campaigns across websites, search, email, advertising, and social platforms to attract audiences and achieve business goals.."
SEO Specialist,Marketing,"Improves websites so they can appear more effectively in search engines by researching keywords, optimizing content, checking technical issues, and measuring search performance.",keyword research; SEO; content optimization; Google Analytics; Search Console; technical SEO basics,search engines; websites; data; content; online visibility; research,research and analysis focused; mixes technical website checks with content improvement,SEO fundamentals → keyword research → on-page SEO → Search Console → technical SEO basics → SEO audit projects,"Career: SEO Specialist. Description: Improves websites so they can appear more effectively in search engines by researching keywords, optimizing content, checking technical issues, and measuring search performance.. Skills: keyword research; SEO; content optimization; Google Analytics; Search Console; technical SEO basics. Interests: search engines; websites; data; content; online visibility; research. Work style: research and analysis focused; mixes technical website checks with content improvement.","A student who may enjoy a career as SEO Specialist may be interested in search engines; websites; data; content; online visibility; research. They may enjoy using skills such as keyword research; SEO; content optimization; Google Analytics; Search Console; technical SEO basics. The work may suit someone who prefers research and analysis focused; mixes technical website checks with content improvement. The career involves Improves websites so they can appear more effectively in search engines by researching keywords, optimizing content, checking technical issues, and measuring search performance.."
Content Strategist,Marketing,"Plans what content an organization should create, for whom, on which channels, and for what purpose so communication supports audience and business needs.",content planning; audience research; writing; SEO basics; analytics; editorial planning,writing; audiences; communication; planning; brands; storytelling,planning and communication focused; combines creative thinking with research and performance review,Writing fundamentals → audience research → content planning → SEO basics → analytics → build content strategy samples,"Career: Content Strategist. Description: Plans what content an organization should create, for whom, on which channels, and for what purpose so communication supports audience and business needs.. Skills: content planning; audience research; writing; SEO basics; analytics; editorial planning. Interests: writing; audiences; communication; planning; brands; storytelling. Work style: planning and communication focused; combines creative thinking with research and performance review.","A student who may enjoy a career as Content Strategist may be interested in writing; audiences; communication; planning; brands; storytelling. They may enjoy using skills such as content planning; audience research; writing; SEO basics; analytics; editorial planning. The work may suit someone who prefers planning and communication focused; combines creative thinking with research and performance review. The career involves Plans what content an organization should create, for whom, on which channels, and for what purpose so communication supports audience and business needs.."
Social Media Manager,Marketing,"Plans, publishes, and evaluates content on social platforms while managing online communities and helping brands communicate with their audiences.",social media platforms; content planning; copywriting; basic design; analytics; community management,social media; trends; brands; communication; content; online communities,fast-paced and audience-facing; creative; responds to trends and monitors engagement regularly,Platform fundamentals → content planning → Canva/design basics → copywriting → analytics → manage sample social campaigns,"Career: Social Media Manager. Description: Plans, publishes, and evaluates content on social platforms while managing online communities and helping brands communicate with their audiences.. Skills: social media platforms; content planning; copywriting; basic design; analytics; community management. Interests: social media; trends; brands; communication; content; online communities. Work style: fast-paced and audience-facing; creative; responds to trends and monitors engagement regularly.","A student who may enjoy a career as Social Media Manager may be interested in social media; trends; brands; communication; content; online communities. They may enjoy using skills such as social media platforms; content planning; copywriting; basic design; analytics; community management. The work may suit someone who prefers fast-paced and audience-facing; creative; responds to trends and monitors engagement regularly. The career involves Plans, publishes, and evaluates content on social platforms while managing online communities and helping brands communicate with their audiences.."
Content Creator,Media & Communication,"Produces engaging digital material such as videos, posts, tutorials, podcasts, or short-form content for an audience on online platforms.",storytelling; video editing; scripting; presentation; social media; audience understanding,video; storytelling; creativity; social platforms; personal expression; audiences,creative and self-directed; frequent experimentation; public-facing; may require consistent publishing,Choose content niche → storytelling → basic filming/audio → editing → platform strategy → publish and review content,"Career: Content Creator. Description: Produces engaging digital material such as videos, posts, tutorials, podcasts, or short-form content for an audience on online platforms.. Skills: storytelling; video editing; scripting; presentation; social media; audience understanding. Interests: video; storytelling; creativity; social platforms; personal expression; audiences. Work style: creative and self-directed; frequent experimentation; public-facing; may require consistent publishing.","A student who may enjoy a career as Content Creator may be interested in video; storytelling; creativity; social platforms; personal expression; audiences. They may enjoy using skills such as storytelling; video editing; scripting; presentation; social media; audience understanding. The work may suit someone who prefers creative and self-directed; frequent experimentation; public-facing; may require consistent publishing. The career involves Produces engaging digital material such as videos, posts, tutorials, podcasts, or short-form content for an audience on online platforms.."
Copywriter,Media & Communication,"Writes persuasive and clear text for advertisements, websites, emails, products, and campaigns with the goal of informing or influencing an audience.",writing; editing; persuasion; audience research; marketing basics; creativity,writing; language; psychology; brands; storytelling; persuasion,independent writing mixed with feedback; deadline-driven; requires many revisions and attention to wording,Writing fundamentals → persuasive writing → audience research → headlines → web/ad copy → copywriting portfolio,"Career: Copywriter. Description: Writes persuasive and clear text for advertisements, websites, emails, products, and campaigns with the goal of informing or influencing an audience.. Skills: writing; editing; persuasion; audience research; marketing basics; creativity. Interests: writing; language; psychology; brands; storytelling; persuasion. Work style: independent writing mixed with feedback; deadline-driven; requires many revisions and attention to wording.","A student who may enjoy a career as Copywriter may be interested in writing; language; psychology; brands; storytelling; persuasion. They may enjoy using skills such as writing; editing; persuasion; audience research; marketing basics; creativity. The work may suit someone who prefers independent writing mixed with feedback; deadline-driven; requires many revisions and attention to wording. The career involves Writes persuasive and clear text for advertisements, websites, emails, products, and campaigns with the goal of informing or influencing an audience.."
Journalist,Media & Communication,"Researches events and issues, interviews people, verifies information, and communicates accurate stories through written, audio, video, or digital media.",research; interviewing; writing; fact checking; communication; media ethics,current events; people; writing; investigation; storytelling; society,deadline-driven and investigative; substantial communication; may involve field work and unpredictable schedules,News writing → research → interviewing → fact checking → media ethics → publish reporting samples,"Career: Journalist. Description: Researches events and issues, interviews people, verifies information, and communicates accurate stories through written, audio, video, or digital media.. Skills: research; interviewing; writing; fact checking; communication; media ethics. Interests: current events; people; writing; investigation; storytelling; society. Work style: deadline-driven and investigative; substantial communication; may involve field work and unpredictable schedules.","A student who may enjoy a career as Journalist may be interested in current events; people; writing; investigation; storytelling; society. They may enjoy using skills such as research; interviewing; writing; fact checking; communication; media ethics. The work may suit someone who prefers deadline-driven and investigative; substantial communication; may involve field work and unpredictable schedules. The career involves Researches events and issues, interviews people, verifies information, and communicates accurate stories through written, audio, video, or digital media.."
Public Relations Specialist,Media & Communication,"Manages communication between an organization and the public by preparing messages, handling media relationships, supporting events, and protecting reputation.",communication; writing; media relations; presentation; event coordination; crisis communication basics,people; communication; brands; events; reputation; media,highly social and communication-heavy; deadline-sensitive; frequent coordination with external audiences,Communication basics → professional writing → media relations → event coordination → crisis communication → PR campaign examples,"Career: Public Relations Specialist. Description: Manages communication between an organization and the public by preparing messages, handling media relationships, supporting events, and protecting reputation.. Skills: communication; writing; media relations; presentation; event coordination; crisis communication basics. Interests: people; communication; brands; events; reputation; media. Work style: highly social and communication-heavy; deadline-sensitive; frequent coordination with external audiences.","A student who may enjoy a career as Public Relations Specialist may be interested in people; communication; brands; events; reputation; media. They may enjoy using skills such as communication; writing; media relations; presentation; event coordination; crisis communication basics. The work may suit someone who prefers highly social and communication-heavy; deadline-sensitive; frequent coordination with external audiences. The career involves Manages communication between an organization and the public by preparing messages, handling media relationships, supporting events, and protecting reputation.."
Teacher,Education,"Helps students understand subjects by planning lessons, explaining concepts, assessing learning, and adapting teaching approaches to different learners.",subject knowledge; communication; lesson planning; patience; presentation; assessment,helping others learn; communication; subjects; mentoring; working with students,people-centered and structured; regular preparation and presentation; requires patience and adaptability,Choose subject → strengthen subject knowledge → teaching methods → lesson planning → assessment → classroom practice,"Career: Teacher. Description: Helps students understand subjects by planning lessons, explaining concepts, assessing learning, and adapting teaching approaches to different learners.. Skills: subject knowledge; communication; lesson planning; patience; presentation; assessment. Interests: helping others learn; communication; subjects; mentoring; working with students. Work style: people-centered and structured; regular preparation and presentation; requires patience and adaptability.","A student who may enjoy a career as Teacher may be interested in helping others learn; communication; subjects; mentoring; working with students. They may enjoy using skills such as subject knowledge; communication; lesson planning; patience; presentation; assessment. The work may suit someone who prefers people-centered and structured; regular preparation and presentation; requires patience and adaptability. The career involves Helps students understand subjects by planning lessons, explaining concepts, assessing learning, and adapting teaching approaches to different learners.."
Instructional Designer,Education,"Designs learning materials, online courses, training activities, and assessments so people can learn skills or knowledge effectively.",learning design; writing; presentation; e-learning tools; assessment design; basic multimedia,education; technology; organizing information; training; visual learning,structured and creative; project-based; collaborates with subject experts and learners,Learning theory basics → course design → storyboarding → e-learning tools → assessment → build sample learning module,"Career: Instructional Designer. Description: Designs learning materials, online courses, training activities, and assessments so people can learn skills or knowledge effectively.. Skills: learning design; writing; presentation; e-learning tools; assessment design; basic multimedia. Interests: education; technology; organizing information; training; visual learning. Work style: structured and creative; project-based; collaborates with subject experts and learners.","A student who may enjoy a career as Instructional Designer may be interested in education; technology; organizing information; training; visual learning. They may enjoy using skills such as learning design; writing; presentation; e-learning tools; assessment design; basic multimedia. The work may suit someone who prefers structured and creative; project-based; collaborates with subject experts and learners. The career involves Designs learning materials, online courses, training activities, and assessments so people can learn skills or knowledge effectively.."
Researcher,Science & Research,"Investigates questions systematically by reviewing existing knowledge, collecting evidence, analyzing results, and communicating findings.",research methods; critical thinking; statistics; data analysis; academic writing; literature review,discovering new knowledge; reading; experiments; data; asking questions,"patient and detail-oriented; long-term projects; significant reading, analysis, and writing",Research methods → literature review → statistics → data collection → analysis → academic writing → small research project,"Career: Researcher. Description: Investigates questions systematically by reviewing existing knowledge, collecting evidence, analyzing results, and communicating findings.. Skills: research methods; critical thinking; statistics; data analysis; academic writing; literature review. Interests: discovering new knowledge; reading; experiments; data; asking questions. Work style: patient and detail-oriented; long-term projects; significant reading, analysis, and writing.","A student who may enjoy a career as Researcher may be interested in discovering new knowledge; reading; experiments; data; asking questions. They may enjoy using skills such as research methods; critical thinking; statistics; data analysis; academic writing; literature review. The work may suit someone who prefers patient and detail-oriented; long-term projects; significant reading, analysis, and writing. The career involves Investigates questions systematically by reviewing existing knowledge, collecting evidence, analyzing results, and communicating findings.."
Environmental Consultant,Science & Research,"Helps organizations understand and reduce environmental impacts by conducting assessments, analyzing environmental data, and advising on regulations and sustainable practices.",environmental science; data analysis; report writing; field assessment; sustainability; regulations basics,environment; sustainability; science; field work; problem solving; policy,mix of office analysis and field work; report-heavy; works with clients and regulations,Environmental science → sustainability → data/GIS basics → environmental assessment → regulations → case-study projects,"Career: Environmental Consultant. Description: Helps organizations understand and reduce environmental impacts by conducting assessments, analyzing environmental data, and advising on regulations and sustainable practices.. Skills: environmental science; data analysis; report writing; field assessment; sustainability; regulations basics. Interests: environment; sustainability; science; field work; problem solving; policy. Work style: mix of office analysis and field work; report-heavy; works with clients and regulations.","A student who may enjoy a career as Environmental Consultant may be interested in environment; sustainability; science; field work; problem solving; policy. They may enjoy using skills such as environmental science; data analysis; report writing; field assessment; sustainability; regulations basics. The work may suit someone who prefers mix of office analysis and field work; report-heavy; works with clients and regulations. The career involves Helps organizations understand and reduce environmental impacts by conducting assessments, analyzing environmental data, and advising on regulations and sustainable practices.."
Biotechnologist,Science & Research,"Uses biology and laboratory techniques to develop or study products and processes in areas such as healthcare, agriculture, food, or environmental science.",biology; laboratory methods; chemistry basics; data analysis; research; documentation,biology; experiments; healthcare; laboratory work; scientific discovery,laboratory and research focused; careful procedures; documentation-heavy; often team-based,Biology/chemistry → lab techniques → genetics/microbiology → statistics → biotechnology applications → research experience,"Career: Biotechnologist. Description: Uses biology and laboratory techniques to develop or study products and processes in areas such as healthcare, agriculture, food, or environmental science.. Skills: biology; laboratory methods; chemistry basics; data analysis; research; documentation. Interests: biology; experiments; healthcare; laboratory work; scientific discovery. Work style: laboratory and research focused; careful procedures; documentation-heavy; often team-based.","A student who may enjoy a career as Biotechnologist may be interested in biology; experiments; healthcare; laboratory work; scientific discovery. They may enjoy using skills such as biology; laboratory methods; chemistry basics; data analysis; research; documentation. The work may suit someone who prefers laboratory and research focused; careful procedures; documentation-heavy; often team-based. The career involves Uses biology and laboratory techniques to develop or study products and processes in areas such as healthcare, agriculture, food, or environmental science.."
Civil Engineer,Engineering & Built Environment,"Designs, analyzes, and supports construction of infrastructure such as buildings, roads, bridges, water systems, and other public works.",mathematics; structural basics; CAD; engineering mechanics; project planning; technical drawing,infrastructure; construction; mathematics; problem solving; buildings; public works,mix of office design and site work; technical; team-based; safety and standards focused,Mathematics/physics → engineering mechanics → CAD → structures/materials → design projects → site experience,"Career: Civil Engineer. Description: Designs, analyzes, and supports construction of infrastructure such as buildings, roads, bridges, water systems, and other public works.. Skills: mathematics; structural basics; CAD; engineering mechanics; project planning; technical drawing. Interests: infrastructure; construction; mathematics; problem solving; buildings; public works. Work style: mix of office design and site work; technical; team-based; safety and standards focused.","A student who may enjoy a career as Civil Engineer may be interested in infrastructure; construction; mathematics; problem solving; buildings; public works. They may enjoy using skills such as mathematics; structural basics; CAD; engineering mechanics; project planning; technical drawing. The work may suit someone who prefers mix of office design and site work; technical; team-based; safety and standards focused. The career involves Designs, analyzes, and supports construction of infrastructure such as buildings, roads, bridges, water systems, and other public works.."
Mechanical Engineer,Engineering & Built Environment,"Designs, analyzes, tests, and improves machines and mechanical systems using principles of mechanics, energy, materials, and manufacturing.",mathematics; physics; CAD; mechanics; thermodynamics; materials; problem solving,machines; engines; energy; design; physics; practical problem solving,"technical and analytical; mix of computer design, calculations, testing, and practical engineering work",Mathematics/physics → mechanics → thermodynamics → CAD → materials → design/analysis projects,"Career: Mechanical Engineer. Description: Designs, analyzes, tests, and improves machines and mechanical systems using principles of mechanics, energy, materials, and manufacturing.. Skills: mathematics; physics; CAD; mechanics; thermodynamics; materials; problem solving. Interests: machines; engines; energy; design; physics; practical problem solving. Work style: technical and analytical; mix of computer design, calculations, testing, and practical engineering work.","A student who may enjoy a career as Mechanical Engineer may be interested in machines; engines; energy; design; physics; practical problem solving. They may enjoy using skills such as mathematics; physics; CAD; mechanics; thermodynamics; materials; problem solving. The work may suit someone who prefers technical and analytical; mix of computer design, calculations, testing, and practical engineering work. The career involves Designs, analyzes, tests, and improves machines and mechanical systems using principles of mechanics, energy, materials, and manufacturing.."
Renewable Energy Specialist,Engineering & Built Environment,"Works with technologies and projects involving solar, wind, energy efficiency, or other sustainable energy systems to reduce environmental impact.",energy fundamentals; data analysis; electrical/mechanical basics; sustainability; project analysis,clean energy; sustainability; engineering; climate; technology; problem solving,"technical and project-based; may combine field assessment, calculations, research, and client work",Energy fundamentals → renewable technologies → Excel/data analysis → system design basics → sustainability → energy project,"Career: Renewable Energy Specialist. Description: Works with technologies and projects involving solar, wind, energy efficiency, or other sustainable energy systems to reduce environmental impact.. Skills: energy fundamentals; data analysis; electrical/mechanical basics; sustainability; project analysis. Interests: clean energy; sustainability; engineering; climate; technology; problem solving. Work style: technical and project-based; may combine field assessment, calculations, research, and client work.","A student who may enjoy a career as Renewable Energy Specialist may be interested in clean energy; sustainability; engineering; climate; technology; problem solving. They may enjoy using skills such as energy fundamentals; data analysis; electrical/mechanical basics; sustainability; project analysis. The work may suit someone who prefers technical and project-based; may combine field assessment, calculations, research, and client work. The career involves Works with technologies and projects involving solar, wind, energy efficiency, or other sustainable energy systems to reduce environmental impact.."
Supply Chain Analyst,Business,"Uses data to improve how products, materials, inventory, and deliveries move through an organization from suppliers to customers.",Excel; data analysis; logistics; inventory; forecasting basics; SQL basics; communication,logistics; business operations; data; planning; efficiency; solving process problems,"analytical and operations-focused; works with schedules, inventory, suppliers, and business teams",Supply-chain fundamentals → Excel → inventory/logistics → forecasting → SQL basics → operations analysis projects,"Career: Supply Chain Analyst. Description: Uses data to improve how products, materials, inventory, and deliveries move through an organization from suppliers to customers.. Skills: Excel; data analysis; logistics; inventory; forecasting basics; SQL basics; communication. Interests: logistics; business operations; data; planning; efficiency; solving process problems. Work style: analytical and operations-focused; works with schedules, inventory, suppliers, and business teams.","A student who may enjoy a career as Supply Chain Analyst may be interested in logistics; business operations; data; planning; efficiency; solving process problems. They may enjoy using skills such as Excel; data analysis; logistics; inventory; forecasting basics; SQL basics; communication. The work may suit someone who prefers analytical and operations-focused; works with schedules, inventory, suppliers, and business teams. The career involves Uses data to improve how products, materials, inventory, and deliveries move through an organization from suppliers to customers.."
UX Researcher,Design,"Studies how people use products through interviews, observation, surveys, and usability tests, then turns findings into insights for design and product teams.",user interviews; usability testing; surveys; qualitative research; data analysis basics; communication,human behavior; psychology; research; technology; user problems; interviews,research and people focused; frequent interviews; analysis and presentation of findings,Research fundamentals → interview methods → surveys → usability testing → qualitative analysis → UX research case studies,"Career: UX Researcher. Description: Studies how people use products through interviews, observation, surveys, and usability tests, then turns findings into insights for design and product teams.. Skills: user interviews; usability testing; surveys; qualitative research; data analysis basics; communication. Interests: human behavior; psychology; research; technology; user problems; interviews. Work style: research and people focused; frequent interviews; analysis and presentation of findings.","A student who may enjoy a career as UX Researcher may be interested in human behavior; psychology; research; technology; user problems; interviews. They may enjoy using skills such as user interviews; usability testing; surveys; qualitative research; data analysis basics; communication. The work may suit someone who prefers research and people focused; frequent interviews; analysis and presentation of findings. The career involves Studies how people use products through interviews, observation, surveys, and usability tests, then turns findings into insights for design and product teams.."
Technical Writer,Media & Communication,"Explains complex technical information clearly by creating manuals, guides, tutorials, help articles, and documentation for users or technical teams.",writing; editing; research; technical understanding; documentation tools; information organization,writing; technology; explaining things; learning complex topics; organized information,focused writing and research; structured; collaborates with engineers or subject experts,Writing/editing → technical fundamentals → documentation structure → Markdown/tools → create tutorials and documentation portfolio,"Career: Technical Writer. Description: Explains complex technical information clearly by creating manuals, guides, tutorials, help articles, and documentation for users or technical teams.. Skills: writing; editing; research; technical understanding; documentation tools; information organization. Interests: writing; technology; explaining things; learning complex topics; organized information. Work style: focused writing and research; structured; collaborates with engineers or subject experts.","A student who may enjoy a career as Technical Writer may be interested in writing; technology; explaining things; learning complex topics; organized information. They may enjoy using skills such as writing; editing; research; technical understanding; documentation tools; information organization. The work may suit someone who prefers focused writing and research; structured; collaborates with engineers or subject experts. The career involves Explains complex technical information clearly by creating manuals, guides, tutorials, help articles, and documentation for users or technical teams.."
GIS Analyst,Data & AI,"Works with maps and location-based data to analyze geographic patterns and support planning, environment, transportation, utilities, or business decisions.",GIS software; spatial data; mapping; data analysis; Excel; Python basics; cartography,maps; geography; data; environment; cities; spatial patterns,analytical and visual; computer-based mapping with occasional field or planning collaboration,GIS fundamentals → QGIS/ArcGIS → spatial data → cartography → Python basics → GIS analysis projects,"Career: GIS Analyst. Description: Works with maps and location-based data to analyze geographic patterns and support planning, environment, transportation, utilities, or business decisions.. Skills: GIS software; spatial data; mapping; data analysis; Excel; Python basics; cartography. Interests: maps; geography; data; environment; cities; spatial patterns. Work style: analytical and visual; computer-based mapping with occasional field or planning collaboration.","A student who may enjoy a career as GIS Analyst may be interested in maps; geography; data; environment; cities; spatial patterns. They may enjoy using skills such as GIS software; spatial data; mapping; data analysis; Excel; Python basics; cartography. The work may suit someone who prefers analytical and visual; computer-based mapping with occasional field or planning collaboration. The career involves Works with maps and location-based data to analyze geographic patterns and support planning, environment, transportation, utilities, or business decisions.."
